intent;hjelpesenter_category;hjelpesenter_subcategory;action_type;requires_login;requires_action;is_active;payment_required;payment_amount;combined_response;keywords;primary_action;resolution_steps;api_endpoint;help_center_article_url;help_center_article_title;required_runtime_data;chatbot_steps
AppAccess;DyreID-appen;Hvordan får tilgang til DyreID-appen?;INFO_ONLY;false;false;true;false;;"DyreID-appen er laget for hunde- og katteeiere som har registrert kjæledyret sitt i DyreID. For å få tilgang til appen, kan du laste den ned fra enten App Store eller Google Play, avhengig av hvilken type mobiltelefon du har. 

Når appen er installert, kan du logge inn på flere måter. Hvis du allerede er bruker av ""Min side"" på nettet, kan du be om en engangskode via e-post eller mobilnummer. Alternativt kan du bruke en tilsendt verifiseringskode fra e-post ved førstegangsinnlogging. For senere innlogginger kan du velge biometrisk autentisering eller en pinkode.

Appen gir deg tilgang til informasjon om kjæledyret ditt, tilpassede helsedata, diagnoser, ekspert råd, og mye mer. Et gratis basisabonnement gir nyttig informasjon, mens DyreID+ abonnementet gir deg eksklusiv tilgang til alt innhold for kun {{PRICE:dyreid_pluss_maaned}} per måned eller {{PRICE:dyreid_pluss_aar}} per år.";app, laste ned, installere, tilgang, mobil;;;;https://www.dyreid.no/dyreid-app/76-hvem-passer-appen-for;Hvem passer appen for?;;
AppBenefits;DyreID-appen;Hvorfor app?;INFO_ONLY;false;false;true;false;;"DyreID-appen gir kjæledyreiere enkel tilgang til viktig informasjon om sine kjæledyr rett fra mobilen. Den er designet for å samle all relevant informasjon om hunder og katter på ett sted, inkludert helsedata, diagnostisert informasjon og statistikk basert på over 890 000 kjæledyr. Basisversjonen av appen er gratis, mens DyreID+ tilbyr flere funksjoner for kun {{PRICE:dyreid_pluss_maaned}} per måned eller {{PRICE:dyreid_pluss_aar}} per år. Appen gir også ekspertråd fra kjente veterinærer, samt tips for trening og atferd av kjæledyr. Funksjoner som ""Savnet & Funnet""-tjenesten og varsler om sykdommer i ditt område er integrert i appen. DyreID-appen er tilgjengelig for nedlasting på både App Store og Google Play, og gir en bedre brukeropplevelse enn ""Min side"" på nettet.";hvorfor, app, fordeler, funksjoner;;;;https://www.dyreid.no/dyreid-app/76-hvem-passer-appen-for;Hvem passer appen for?;;
AppCost;DyreID-appen;Koster appen noe?;INFO_ONLY;false;false;true;false;;"DyreID-appen er gratis å laste ned og bruke med et basisabonnement, som gir deg nyttig informasjon om kjæledyret ditt direkte på mobilen. Dette inkluderer helsedata og andre relevante opplysninger. Hvis du ønsker enda mer innhold og funksjoner, kan du oppgradere til DyreID+. Med DyreID+ får du eksklusiv tilgang til alt innhold fra DyreID, inkludert ekspert-råd og Savnet & Funnet-tjenesten. DyreID+ koster {{PRICE:dyreid_pluss_maaned}}oner per måned eller {{PRICE:dyreid_pluss_aar}}oner per år. Appen kan lastes ned fra App Store eller Google Play, og det er flere metoder for å logge inn når du har opprettet en konto eller allerede er bruker av ""Min side"" på web.";koster, gratis, pris, app, betale;;;;https://www.dyreid.no/dyreid-app/76-hvem-passer-appen-for;Hvem passer appen for?;;
AppLanguageSettings;DyreID-appen;Språkinnstillinger;INFO_ONLY;false;false;true;false;;Gå til Settings (Innstillinger) i appen og velg 'Language/Språk' > Norsk. Appen vil starte på nytt med norsk tekst.;språk, language, engelsk, norsk, settings, appen er på engelsk, bytte språk, AppLanguage, AppLanguageChange, AppChangeLanguage, AppLanguageSetting;;;;;;;
AppLoginIssue;DyreID-appen;Innlogging app;INFO_ONLY;false;false;true;false;;"DyreID-appen er designet for alle som har registrerte hunder og katter i DyreID. Du kan laste den ned fra App Store eller Google Play, avhengig av hvilken mobil du bruker. Når du skal logge inn for første gang, kan du velge mellom tre alternativer. Du kan få tilsendt en engangskode ved å oppgi din e-postadresse eller mobilnummer, som brukes dersom du allerede er bruker av ""Min side"" på nettet. Alternativt kan du bruke en verifiseringskode som du mottar på e-post. For senere innlogginger kan du bruke biometrisk identifikasjon eller en selvvalgt pinkode. Basisabonnementet er gratis og gir deg tilgang til nyttig informasjon om kjæledyret ditt, mens det oppgraderte DyreID+-abonnementet tilbyr enda flere funksjoner mot en månedspris på {{PRICE:dyreid_pluss_maaned}} eller en årsavgift på {{PRICE:dyreid_pluss_aar}}.";app, logg inn, innlogging, app login;;;;https://www.dyreid.no/dyreid-app/76-hvem-passer-appen-for;Hvem passer appen for?;;
AppMinSide;DyreID-appen;Min side (i appen);INFO_ONLY;false;false;true;false;;"Min side i DyreID-appen gir deg enkel tilgang til all informasjon om kjæledyret ditt. Med basisabonnementet, som er gratis, kan du finne nyttige opplysninger og helsedata tilpasset ditt kjæledyr. Ved å oppgradere til DyreID+ får du tilgang til enda flere funksjoner for {{PRICE:dyreid_pluss_maaned}} per måned eller {{PRICE:dyreid_pluss_aar}} per år, inkludert tips og råd fra kjente eksperter, samt Savnet & Funnet-tjenesten. 

Endringer gjort på Min side i appen eller på web oppdateres automatisk begge steder. For å få full nytte av tjenestene og funksjonene, anbefales det å laste ned appen fra App Store eller Google Play. Appen tilbyr en rikere funksjonalitet enn Min side på web, og innlogging kan gjøres ved hjelp av engangskode, tilsendt kode eller biometriske metoder for enkel tilgang.";min side, app, profil, oversikt;;;;https://www.dyreid.no/dyreid-app/76-hvem-passer-appen-for;Hvem passer appen for?;;
AppPushNotificationIssue;DyreID-appen;Push-varsler feilsøking;INFO_ONLY;false;false;true;false;;Gå til Innstillinger > DyreID > Varsler på telefonen og sjekk at alle varseltyper er aktivert. Logg ut og inn igjen i appen.;push-varsler, varsler, fungerer ikke, skrudd på, får ikke varsler, varsler virker ikke, AppPushNotifications, AppNotifications, PushNotificationsIssue, PushNotifications, PushNotificationIssue;;;;;;;
AppTargetAudience;DyreID-appen;Hvem passer appen for?;INFO_ONLY;false;false;true;false;;"DyreID-appen er laget spesielt for hunde- og katteeiere som har registrert kjæledyrene sine i DyreID, Norges nasjonale kjæledyrregister. Appen er designet for å gi dyreeiere enkel tilgang til all relevant informasjon om dyrene sine rett fra mobilen. Med DyreID-appen kan du få oversikt over kjæledyrets informasjon og helsedata, se historikk over stilte diagnoser, og få ekspertveiledning gjennom tips og råd fra dyreeksperter. For de som ønsker utvidede funksjoner, tilbyr DyreID+ abonnementet eksklusiv tilgang til alt innhold, inkludert statistikk og innsikt fra et stort antall kjæledyr, samt flere nyttige funksjoner enn ""Min side"" på web. Basispakken er gratis, men DyreID+ koster {{PRICE:dyreid_pluss_maaned}}oner per måned eller {{PRICE:dyreid_pluss_aar}}oner per år. Appen er tilgjengelig for nedlasting via App Store og Google Play.";hvem, passer, app, dyreeier, bruker;;;;https://www.dyreid.no/dyreid-app/76-hvem-passer-appen-for;Hvem passer appen for?;;
SubscriptionComparison;DyreID-appen;Hva er forskjellen på DyreID basis og DyreID+?;INFO_ONLY;false;false;true;false;;DyreID tilbyr to ulike typer medlemskap: DyreID basis og DyreID+. Med DyreID basis får du tilgang til mange gratis funksjoner gjennom appen. Hvis du velger DyreID+, får du i tillegg flere fordeler. Dette inkluderer innsikt og statistikk tilpasset dyrets rase og alder, samt informasjon og råd fra fagveterinærer og ekspertkilder. Hundeeiere får treningsråd fra Maren Teien Rørvik, kjent fra serien «Fra bølle til bestevenn», mens katteeiere får rådgivning fra adferdsekspert og veterinær Tine Berge. DyreID+ gir også eksklusive rabatter på blant annet hundetrening, forsikring og sporing. I tillegg har medlemmer tilgang til alle diagnoser og helsestatistikk for sitt kjæledyr. DyreID+ gir dermed en mer omfattende og tilpasset opplevelse for dyreeiere som ønsker ekstra innsikt og fordeler.;basis, plus, dyreID+, forskjell, sammenligne;;;;https://www.dyreid.no/dyreid-app/79-hva-er-forskjellen-pa-basis-og-dyreid-plus-abonnement;Hva er forskjellen på DyreID basis og DyreID+ abonnement?;;
NKKOwnership;Eierskifte;Eierskifte av NKK-registrert hund;INFO_ONLY;false;false;true;false;;Dersom hunden din er registrert i Norsk Kennel Klubb (NKK), må eierskifteprosessen håndteres direkte av NKK. Når NKK har gjennomført eierskiftet, sender de oppdateringer om både kjæledyret og den nye eieren til DyreID, hvor registeret vil bli oppdatert automatisk. Det er dermed ikke nødvendig med en separat prosess for å registrere eierskiftet hos DyreID dersom hunden allerede er NKK-registrert. Om eierskifteskjemaet sendes til DyreID istedenfor, vil det bli videresendt til NKK. Vær oppmerksom på at NKK har egne priser for eierskifte. For ytterligere detaljer om priser og prosess, vennligst kontakt NKK direkte.;nkk, norsk kennel, stambokført, rasehund;;;;https://www.dyreid.no/hjelp-eierskifte/41-eierskifte-av-nkk-registrert-hund;Eierskifte av NKK-registrert hund;;
OwnershipTransferApp;Eierskifte;Eierskifte Feil eier ved søk på ID-nr;API_CALL;true;true;true;false;;;omregistrering, registrert på feil eier, 4 valper, feilregistrert chip, skjema feilregistrert chip, endring av eier, adoptert, må selger gjøre det eller kan ny eier gjøre det, eierskifte;Motta og behandle 'feilregistrert chip' skjema for hver valp og endre eier i registeret;"1) Send veterinær skjemaet 'feilregistrert chip' for utfylling for hver valp.; 2) Mottak og verifisering av skjemaene.; 3) Utfør eierendring i system via /OwnerChange/OwnerSeller/ReportOwnerChange.; 4) Bekreft til veterinær/ny eier at endringen er gjennomført.";/OwnerChange/OwnerSeller/ReportOwnerChange;;;;1) Send veterinær skjemaet 'feilregistrert chip' for utfylling for hver valp.,2) Mottak og verifisering av skjemaene.,3) Utfør eierendring i system via /OwnerChange/OwnerSeller/ReportOwnerChange.,4) Bekreft til veterinær/ny eier at endringen er gjennomført.
OwnershipTransferCost;Eierskifte;Hva koster eierskifte?;INFO_ONLY;false;false;true;false;;"Eierskifte koster {{PRICE:eierskifte}}.
Det er selger som betaler.
Gå til Min Side > Eierskifte for å starte.";kostnad, eierskifte, pris, gebyr;;Spørsmål om pris på eierskifte kan besvares med standard informasjon fra hjelpesenter-artikkelen. Ingen systemhandling nødvendig med mindre kunden ønsker å gjennomføre eierskiftet.;;;;;
OwnershipTransferDead;Eierskifte;Eierskifte når eier er død;API_CALL;true;true;true;true;;;ny eier, tidligere eier er gått bort, skifteattest, eierskifte;;Ved dødsfall: send kopi av skifteattest og utfylt eierskifteskjema til DyreID via oppgitt e-postadresse for manuell behandling.;/OwnerChange/OwnerSeller/ReportOwnerChange;;;;Ved dødsfall: send kopi av skifteattest og utfylt eierskifteskjema til DyreID via oppgitt e-postadresse for manuell behandling.
OwnershipTransferWeb;Eierskifte;Eierskifte på Web;API_CALL;true;true;true;false;;;Eierskifte, omregistrert katten, kan ikke omregistrere, Oversender signert eierskifteskjema, initiert eierskifte, faktura, ny eier søkbar, Chip nr (implisitt), Hvordan foreta eierskifte, eierskifte, instruksjon, chip, Omregistrering av eier, feilregistreringsskjemaer, Haugaland Dyreklinikk, Feil eier ved søk, eierskifte, ID-nr, Feil eier ved søk, eierskifte, ID-nr;Hjelpe kunden med eierskifteprosessen: verifisere dyrets chipnummer, eierdetaljer og gjennomføre eierskifte via web-endepunktet om nødvendig.;"Be om chipnummer og eventuelle relevante opplysninger (kvittering, navn, e-post).; Prøv å utføre eierskifte via /OwnerChange/OwnerSeller/ReportOwnerChange dersom kunden ikke får det til selv.; Informer kunden om forventet ventetid og eventuelle krav til dokumentasjon.";/OwnerChange/OwnerSeller/ReportOwnerChange;;;;Be om chipnummer og eventuelle relevante opplysninger (kvittering, navn, e-post).,Prøv å utføre eierskifte via /OwnerChange/OwnerSeller/ReportOwnerChange dersom kunden ikke får det til selv.,Informer kunden om forventet ventetid og eventuelle krav til dokumentasjon.
WrongOwnerOnIDSearch;Eierskifte;Feil eier ved søk på ID-nr;API_CALL;true;true;true;false;;;Feil eier, ID-søk, eierskifte, chip;"Undersøke og korrigere eierregistrering; mulig eierskifte-prosess må initieres.";"Be kunden sende chipnummer og dokumentasjon som bekrefter eierskap.; Opprett eierskifte- eller rettelsessak via /OwnerChange/OwnerSeller/ReportOwnerChange.; Informer kunde om nødvendige steg og forventet behandlingstid.";/OwnerChange/OwnerSeller/ReportOwnerChange;;;;Be kunden sende chipnummer og dokumentasjon som bekrefter eierskap.,Opprett eierskifte- eller rettelsessak via /OwnerChange/OwnerSeller/ReportOwnerChange.,Informer kunde om nødvendige steg og forventet behandlingstid.
FamilyAccessLost;Familiedeling;Jeg ser ikke lenger kjæledyret som har blitt delt;INFO_ONLY;false;false;true;false;;Hvis du ikke lenger ser kjæledyret som en registrert eier har delt med deg, kan det være fordi delingen har blitt avsluttet eller trukket tilbake. Det er lurt å kontakte den registrerte eieren for å bekrefte dette. Husk at for å benytte deg av familiedeling, må dyreeieren ha et DyreID+ abonnement i appen. Dette abonnementet gir tilgang til familiedeling sammen med flere andre fordeler. Delt tilgang gir familiemedlemmer en helhetlig innsikt i kjæledyrets behov og helse ved å få tilgang til all tilgjengelig informasjon i appen.;ser ikke, delt, mistet tilgang, borte, familiedeling;;;;https://www.dyreid.no/familiedeling/117-kan-jeg-bruke-familiedeling-med-noen-som-allerede-har-et-kjaeledyr;Kan jeg bruke familiedeling med noen som allerede har et kjæledyr?;;
FamilySharingBenefits;Familiedeling;Hvorfor burde jeg ha familiedeling?;INFO_ONLY;false;false;true;false;;Familiedeling i DyreID gir flere fordeler for deg og dine nærmeste. Ved å aktivere familiedeling får familiemedlemmer tilgang til viktig informasjon om kjæledyret, som helseopplysninger og behov, via DyreID-appen. Dette kan bidra til en bedre forståelse av kjæledyrets situasjon, og gjør det enklere å håndtere deres velferd sammen. I tillegg kan du velge å dele informasjonen for en begrenset tidsperiode med andre, som for eksempel når kjæledyret ditt er på pensjonat eller hos bekjente. For å bruke familiedeling trenger du et DyreID+ abonnement, som tilbyr flere tilleggsgoder. Vær oppmerksom på at det kun er den registrerte eieren av kjæledyret som kan gjøre endringer i informasjonen, mens andre kun har tilgang til å se opplysningene i appen.;hvorfor, familiedeling, fordeler, dele;;;;https://www.dyreid.no/familiedeling/117-kan-jeg-bruke-familiedeling-med-noen-som-allerede-har-et-kjaeledyr;Kan jeg bruke familiedeling med noen som allerede har et kjæledyr?;;
FamilySharingExisting;Familiedeling;Familiedeling med noen som allerede har kjæledyr?;INFO_ONLY;false;false;true;false;;Ja, du kan dele tilgang til kjæledyret ditt med andre dyreeiere i familien, forutsatt at du har DyreID+ abonnement i appen. Dette gir familien tilgang til å se informasjon om kjæledyret, men det er kun den registrerte eieren som kan gjøre endringer i kjæledyrets informasjon. Familiedeling gir et godt overblikk over familiens kjæledyr og hjelper alle medlemmer til å forstå kjæledyrets behov og helse. Hvis du ikke lenger kan se kjæledyret som er delt med deg, kan det hende at delingen har blitt stoppet eller trukket tilbake av den registrerte eieren.;eksisterende, allerede, kjæledyr, bruker, deling;;;;https://www.dyreid.no/familiedeling/117-kan-jeg-bruke-familiedeling-med-noen-som-allerede-har-et-kjaeledyr;Kan jeg bruke familiedeling med noen som allerede har et kjæledyr?;;
FamilySharingNonFamily;Familiedeling;Kan jeg dele tilgang med andre enn familien?;INFO_ONLY;false;false;true;false;;Ja, du kan dele tilgang med personer utenom familien for en bestemt tidsperiode. Dette kan være nyttig hvis kjæledyret ditt skal på et pensjonat eller bo hos bekjente og de trenger tilgang til kjæledyrets informasjon i DyreID-appen. Vær oppmerksom på at det kun er den registrerte eieren som kan gjøre endringer i kjæledyrets informasjon. De som får delt tilgang kan kun bruke appens funksjoner og se informasjon om kjæledyret. Dette sikrer at dyrets opplysninger forblir trygge og oppdatert av eieren.;andre, ikke familie, venner, dele, tilgang;;;;https://www.dyreid.no/familiedeling/111-kan-jeg-dele-tilgang-med-andre-enn-familien;Kan jeg dele tilgang med andre enn familien?;;
FamilySharingPermissions;Familiedeling;Kan de jeg deler med gjøre endringer?;INFO_ONLY;false;false;true;false;;Når du deler tilgang til kjæledyret ditt via DyreID, kan familiemedlemmer få et godt overblikk over dyrets informasjon og helsebehov. Det er imidlertid viktig å merke seg at kun den registrerte eieren hos DyreID kan gjøre endringer på kjæledyrets informasjon. Familiemedlemmene du deler tilgang med, kan bruke appens funksjoner og se informasjon, men de kan ikke endre den. For å bruke familiedeling må du ha DyreID+ abonnement. Dette abonnementet gir tilgang til mange fordeler, inkludert deling med familiemedlemmer, og bidrar til en helhetlig forståelse av kjæledyrets behov.;endringer, rettigheter, redigere, tillatelser, deling;;;;https://www.dyreid.no/familiedeling/117-kan-jeg-bruke-familiedeling-med-noen-som-allerede-har-et-kjaeledyr;Kan jeg bruke familiedeling med noen som allerede har et kjæledyr?;;
FamilySharingRequirement;Familiedeling;Trenger jeg DyreID+ for familiedeling?;INFO_ONLY;false;false;true;false;;For å kunne benytte deg av familiedeling i DyreID-appen, trenger du et DyreID+ abonnement. Dette abonnementsnivået gir deg mulighet til å dele tilgang til kjæledyrets informasjon med andre familiemedlemmer. Når du har DyreID+, kan hele familien få et godt overblikk over kjæledyrets behov og helse, samt tilgang til all nyttig informasjon som er tilgjengelig i appen. DyreID+ gir deg ikke bare tilgang til familiedeling, men også andre fordeler.;trenger, dyreID+, krav, familiedeling, abonnement;;;;https://www.dyreid.no/familiedeling/117-kan-jeg-bruke-familiedeling-med-noen-som-allerede-har-et-kjaeledyr;Kan jeg bruke familiedeling med noen som allerede har et kjæledyr?;;
CheckContactData;ID-søk;Hvordan kontrollere at mine kontaktdata er riktig?;API_CALL;true;true;false;false;;;test message, kontrollere kontaktdata, chip nr, automatisk gjenåpning;Sjekk av kontaktdata for chipnummer og eventuell instruksjon om hvordan kunden kan verifisere/oppdatere dem.;"Be kunden bekrefte chipnummer og registrert kontaktinfo.; Send link/instruks for å logge inn på Min side og oppdatere kontaktdata, eller oppdatere via /Owner/UpdateContact etter verifisering.; Bekreft endring tilbake til kunden.";/Owner/UpdateContact;;;;Be kunden bekrefte chipnummer og registrert kontaktinfo.,Send link/instruks for å logge inn på Min side og oppdatere kontaktdata, eller oppdatere via /Owner/UpdateContact etter verifisering.,Bekreft endring tilbake til kunden.
ChipLookup;ID-søk;ChipLookup;API_CALL;true;true;true;false;;;ID Søk, pure service office, søk, test, Chip nr, ID søk, chip, ID søk, chip nr, kontakt oss, test message;Utfør ID-oppslag mot chipnummer i registeret og svar med resultat (kontaktinfo/registrering) eller gi kvittering om ikke funnet.;Kortmelding indikerer forespørsel om ID-søk, men mangler chipnummer eller annen identifikasjon for å foreta oppslag.;;;;;Kortmelding indikerer forespørsel om ID-søk, men mangler chipnummer eller annen identifikasjon for å foreta oppslag.
InactiveRegistration;ID-søk;Kjæledyret mitt er ikke søkbart;API_CALL;true;true;true;false;;;ID søk, Kjæledyret mitt er ikke søkbart, chip, Please provide me details, test, ID søk, Test Round 2, Kjæledyret mitt er ikke søkbart, chip 1213456789012345, ID søk, Test Round 3, Kjæledyret mitt er ikke søkbart, chip, Ikke søkbart, ID-søk, chip, sterilisert, chippa, chip nr, ikke registrert, veterinær, finner ikke, valp, ID nr, ikke søkbart, chip 578098100655919NOR, finner ikke registrert, ikke søkbart, tidligere eier, eierskifte, chipnr, finner ikke, valp, ID nr, ikke søkbart, chip 578098100655919NOR;Søk opp chipnummer i registeret og bekreft registreringsstatus / eierinformasjon. Svar kunde med funn eller videre steg for korrigering.;1) Informere at DyreID støtter hund, katt, hest og frettdyr. 2) Forklare at kaniner ikke kan registreres per i dag (ingen videre steg tilgjengelig).;/Pet/Register;;;;1) Informere at DyreID støtter hund, katt, hest og frettdyr. 2) Forklare at kaniner ikke kan registreres per i dag (ingen videre steg tilgjengelig).
WhyIDMark;ID-søk;Hvorfor bør jeg ID-merke?;INFO_ONLY;false;false;true;false;;"ID-merking er den sikreste måten å identifisere kjæledyret ditt på – og koble deg som eier til dyret hvis det skulle bli borte.

Det er lovpålagt å ID-merke hunder i Norge. For katter anbefales det sterkt.

Mikrochipen sitter under huden og er permanent – den kan ikke falle av som et halsbånd. QR-brikken og Smart Tag gir ekstra trygghet ved at finner enkelt kan kontakte deg direkte.

ID-merking gjøres hos veterinær og registreres automatisk i DyreIDs nasjonale register.";hvorfor id-merke, hvorfor chipe, er det påbudt, er det lovpålagt, hva er hensikten med chip, hvorfor registrere kjæledyr, chip hund katt obligatorisk, hva skjer hvis ikke chippet;;Kunden spør hvor man kan få ID-merket dyret. Dette er en informasjonsforespørsel — gi en liste over vanligste steder (veterinærklinikker) og kort forklaring på videre registreringsprosess.;;;;;
AddContactInfo;Min side;Legge til flere telefonnumre eller e-postadresser;API_CALL;true;true;true;false;;;nytt tlf, merket katt, chip id, adoptert fra Dyrebeskyttelsen, adresse, telefonnummer, Min side, Legge til flere telefonnumre eller e-postadresser, multiple telephone numbers, email addresses, chip 1234567889012345, Endring av telefon nummeret, nytt nummer, bekreft at dette er i orden, Chip nr, flere telefonnummer, Min side, legge til telefon;Oppdatere kontaktinformasjon for registrert dyreeier i databasen eller gi veiledning om korrekt kontaktpunkt (adopsjon fra Dyrebeskyttelsen betyr ofte at dyrevernet må kontaktes).;"Bekreft at den som ber om endring er autorisert (eier eller dokumentert ansvarlig).; Hvis dyret er adoptert via Dyrebeskyttelsen, be kunden kontakte organisasjonen som overførte eierskapet (standard prosess kan kreve at de oppdaterer eierdata).; Hvis eier ønsker at DyreID oppdaterer telefon direkte: samle ChipNumber, nytt telefonnummer, navn på eier/tiltaksansvarlig og dokumentasjon som bekrefter autorisasjon.; Utfør API-kall til /Owner/UpdateContact med de bekreftede feltene for å legge til/endre telefonnummer.";/Owner/UpdateContact;;;ChipNumber, NewOwnerMobile (nye telefonnummer), eventuelt dokumentasjon på adopsjon/rolle (hvis eier bor i utlandet).;Bekreft at den som ber om endring er autorisert (eier eller dokumentert ansvarlig).,Hvis dyret er adoptert via Dyrebeskyttelsen, be kunden kontakte organisasjonen som overførte eierskapet (standard prosess kan kreve at de oppdaterer eierdata).,Hvis eier ønsker at DyreID oppdaterer telefon direkte: samle ChipNumber, nytt telefonnummer, navn på eier/tiltaksansvarlig og dokumentasjon som bekrefter autorisasjon.,Utfør API-kall til /Owner/UpdateContact med de bekreftede feltene for å legge til/endre telefonnummer.
ChipCorrection;Min side;Chipkorrigering;PURESERVICE_CREATE;false;true;true;false;;Hvis dyret ditt har fått nytt chipnummer (f.eks. ved defekt chip), kan vi korrigere registreringen. Veterinæren som satte inn ny chip må bekrefte endringen.;chipkorrigering, nytt chipnummer, feil chip, bytte chip, defekt chip, chip correction, feil chipnummer registrert, UpdateChipNumber, CorrectRegisteredChip, WrongInfo_UpdateChip, ChipReplacement, veterinær registrerte feil;;;;;;;
EmailError;Min side;Feilmelding e-postadresse;API_CALL;true;true;true;false;;;Feilmelding epost, Min side, e-post, Chip nr, Feilmelding e-post, duplikat, Min side, Chip nr, Feilmelding epost, Min side, e-post, Chip nr, Min side, feilmelding e-postadresse, testing, chip, Min side, feilmelding e-postadresse, testing again, chip, Feilmelding e-post, duplikat, Min side, Chip nr;"Hvis kunde opplever feilmelding ved registrering/oppdatering må teknisk/logisk sjekk utføres; men meldingen her er en test uten detaljer.";"Bekreft chipnummer fra kunden (gitt).; Etterspør hvilken e-postadresse som gir feilmelding om ikke allerede oppgitt.; Sjekk i systemet om e-postadressen er registrert og gyldig.; Oppdater kontaktinfo via /Owner/UpdateContact eller gi instruks til bruker for å korrigere.; Informer kunden når endring er gjort.";/Owner/UpdateContact;;;;Bekreft chipnummer fra kunden (gitt).,Etterspør hvilken e-postadresse som gir feilmelding om ikke allerede oppgitt.,Sjekk i systemet om e-postadressen er registrert og gyldig.,Oppdater kontaktinfo via /Owner/UpdateContact eller gi instruks til bruker for å korrigere.,Informer kunden når endring er gjort.
GDPRDelete;Min side;Slett meg;API_CALL;true;true;true;false;;;Sletting av Min side, Min side, sdfsfs, Chip nr, Sletting av Min side, slette konto, GDPR, fjerne oppføring, Slett meg, sletting, Min side, fjerne oppføring, chip;Slette/avregistrere brukeroppføring eller instruere om videre verifisering for sletting;1) Kunde går til Min Side > Innstillinger > 'Slett konto'. 2) System gjennomfører sletting av kontotilknytning. 3) Informer kunde om at dyreregistreringer forblir i nasjonalt register og hvordan de kan be om ytterligere GDPR-tiltak om nødvendig.;/Owner/Delete;;;;1) Kunde går til Min Side > Innstillinger > 'Slett konto'. 2) System gjennomfører sletting av kontotilknytning. 3) Informer kunde om at dyreregistreringer forblir i nasjonalt register og hvordan de kan be om ytterligere GDPR-tiltak om nødvendig.
LoginProblem;Min side;Hvorfor får jeg ikke logget meg inn?;API_CALL;true;true;true;false;;;Min side, logget meg inn, Hvorfor får jeg ikke logget meg inn, chip id, Ikke logget meg inn, login, Chip nr, Test, link til innloggingshjelp, uleselig innhold, Får ikke logget meg inn, glemt passord, kan ikke logge på, endret tlf, adresse, kommer ikke inn, feil passord, LoginIssue, LoginPasswordReset, kan ikke logge inn, tilbakestille passord;Oppdatere e-postadresse i eierprofil og trigge passord-reset;Bruker rapporterer problemer med å logge inn på Min side. Krever feilsøking og muligens manuell validering av konto dersom standardtiltak ikke hjelper.;/Owner/UpdateContact;;;;Bruker rapporterer problemer med å logge inn på Min side. Krever feilsøking og muligens manuell validering av konto dersom standardtiltak ikke hjelper.
MergeDuplicateRegistrations;Min side;Registreringer;PURESERVICE_CREATE;false;true;true;false;;Hvis du har to registreringer for samme dyr, kan vi slå dem sammen. Vi trenger informasjon om begge registreringene.;slå sammen, dobbel registrering, duplikat, to profiler, feil registrering, merge, dobbeltregistrering, DuplicateRegistration, DuplicateRegistrationMerge, MergeRegistrations;;;;;;;
MissingPetProfile;Min side;Min side > Det mangler et kjæledyr på Min side;API_CALL;true;true;true;false;;;får ikke opp dyr, min side, mangler dyr, Mangler dyr, Min side, ikke synlig, chip;"Undersøk brukerens konto og tilknytning mellom eier og dyret; eventuelt legg inn eller koble dyr til konto.";"Be kunden logge inn og bekrefte hvilket telefonnummer/e-post som er registrert.; Be om chipnummer for kjæledyret (hvis tilgjengelig).; Sjekk i systemet om dyret er registrert under en annen eier og koble/forespør eierskifte hvis nødvendig via /Owner/UpdateContact eller OwnerChange-endepunkt.";/Owner/UpdateContact;;;;Be kunden logge inn og bekrefte hvilket telefonnummer/e-post som er registrert.,Be om chipnummer for kjæledyret (hvis tilgjengelig).,Sjekk i systemet om dyret er registrert under en annen eier og koble/forespør eierskifte hvis nødvendig via /Owner/UpdateContact eller OwnerChange-endepunkt.
PetDeceased;Min side;Kjæledyret mitt er dødt;API_CALL;true;true;true;false;;;avlivet, dødt, dato, Chip nr, bekreft markering død, si opp etter dødsfall, avslutte etter avliving, CancelSubscription_PetDeceased, CancelSubscription / PetDeceased;Markere kjæledyret som avlivet/dødt i DyreID og synkronisere status med relevante registre (f.eks. NKK dersom registrert).;"Verifiser eierens identitet og at chipnummer stemmer overens med registrerte opplysninger.; Registrer avlivedato og merk dyret som avlivet i systemet via /Pet/Deceased/Report.; Oppdater eventuelle eksterne registre (f.eks. NKK) hvis relevant og send bekreftelse til eier.";/Pet/Deceased/Report;;;ChipNumber, OwnerName, DateOfDeath, eventuelt dokumentasjon ved behov;Verifiser eierens identitet og at chipnummer stemmer overens med registrerte opplysninger.,Registrer avlivedato og merk dyret som avlivet i systemet via /Pet/Deceased/Report.,Oppdater eventuelle eksterne registre (f.eks. NKK) hvis relevant og send bekreftelse til eier.
PhoneError;Min side;Feilmelding telefonnummer;API_CALL;true;true;false;false;;;Feilmelding telefon, Min side, Chip nr, Min side, Feilmelding telefonnummer, Wrong telephone number, testing, chip, feil tlf nr, kan ikke logge inn, Min side, telefonnummer feil;Undersøke hvorfor telefonnummer gir feilmelding (konto mismatch, format, eller systemfeil) og korrigere eierens kontaktinformasjon om nødvendig.;"Be kunden oppgi nøyaktig hvilket nummer som gir feilmelding (inkl. landskode og format).; Kontroller at nummeret er registrert på eier i databasen, oppdater via /Owner/UpdateContact hvis nødvendig.; Hvis systemfeil mistenkes, eskaler til teknisk støtte med eksempler og feilmeldingstekst.";/Owner/UpdateContact;;;;Be kunden oppgi nøyaktig hvilket nummer som gir feilmelding (inkl. landskode og format).,Kontroller at nummeret er registrert på eier i databasen, oppdater via /Owner/UpdateContact hvis nødvendig.,Hvis systemfeil mistenkes, eskaler til teknisk støtte med eksempler og feilmeldingstekst.
ProfileVerification;Min side;Har jeg en Min side?;INFO_ONLY;false;false;true;false;;"Du har fått en SMS eller e-post fra DyreID fordi kjæledyret ditt nylig er ID-merket hos veterinær, eller fordi du er registrert som ny eier av et dyr.

Vi sender denne meldingen for å bekrefte at kontaktinformasjonen vi har registrert er korrekt. Riktige kontaktdata er viktig for rask gjenfinning hvis dyret ditt skulle bli borte.

Oppdater kontaktinformasjonen din på Min Side:
https://minside.dyreidentitet.no";hvorfor har jeg fått sms, hvorfor har jeg fått e-post, ukjent melding fra dyreid, hva betyr denne meldingen, bekreftelse fra dyreid, fått melding om kjæledyr, ny eier melding, veterinær sendte melding;;"Søk opp oppføring basert på chipnummer.; Bekreft registrert e-post/telefon og informer kunden om kontoens status (eksisterer/ikke).; Gi videre instruks for opprettelse hvis ingen konto finnes, eller bistand for tilgang hvis konto finnes.";;https://www.dyreid.no/hjelp-min-side/23-hvorfor-har-jeg-fatt-sms-e-post;;;
RefundRequest;Min side;Betalingshistorikk;PURESERVICE_CREATE;false;true;true;false;;Du kan be om refusjon for en betaling. Vi trenger noen opplysninger for å behandle forespørselen din.;refusjon, tilbakebetaling, kreditere, betalt feil, feil betaling, refund, dobbeltbelastet, trukket to ganger, DoubleChargeRefund, BillingRefund, BillingDoubleCharge, SubscriptionDoubleCharge, RefundDoubleCharge, DuplicateChargeRefund, PaymentRefund, SubscriptionRefund;;;;;;;
SMSEmailNotification;Min side;Hvorfor har jeg fått sms/e-post?;INFO_ONLY;false;false;true;false;;"Du har fått en SMS eller e-post fra DyreID fordi kjæledyret ditt nylig er ID-merket hos veterinær, eller fordi du er registrert som ny eier av et dyr.

Vi sender denne meldingen for å bekrefte at kontaktinformasjonen vi har registrert er korrekt. Riktige kontaktdata er viktig for rask gjenfinning hvis dyret ditt skulle bli borte.

Oppdater kontaktinformasjonen din på Min Side:
https://minside.dyreidentitet.no";varsling, sms-varsling, e-postvarsling, hvorfor varsler, skru av varsler, endre varslingsinnstillinger, SMSEmailNotification;;Kunden spør hvorfor de har mottatt SMS/e-post. Dette er informativt: forklar at systemet sender varsler ved endringer på registreringer, eierskifte, eller viktige systemmeldinger, og at meldingene kan være relatert til oppgitt chipnummer.;;https://www.dyreid.no/hjelp-min-side/23-hvorfor-har-jeg-fatt-sms-e-post;;;
UpdateAuthContact;Min side;Kontaktinfo;PURESERVICE_CREATE;false;true;true;false;;E-post og telefonnummer brukes til innlogging og verifisering av kontoen din. Av sikkerhetsgrunner verifiserer vi endringen manuelt – vi oppretter en sak og tar kontakt.;endre e-post, endre telefon, feil e-post, feil telefonnummer, bytte e-post, bytte telefon;;;;;;;
UpdateContactInfo;Min side;Kontaktinfo;API_CALL;false;true;true;false;;Du kan endre navn og adresse direkte på Min Side under Kontaktinformasjon.;endre navn, endre adresse, feil navn, feil adresse, oppdatere kontaktinfo;;;/Owner/UpdateContact;;;;
WrongInfo;Min side;Min side > Det er feil informasjon på min side;API_CALL;true;true;true;false;;;Feil nummer, minside, feil informasjon, Min side, Det er registrert feil på Min side, testing, chip, Feil på min side, feil informasjon, korrigere, Min side;Verifisere og oppdatere eierens kontaktinformasjon i systemet eller veilede kunde i å logge inn med rett opplysninger.;"Be kunden logge inn med e-post og telefonnummer som er registrert (som agent allerede anbefalte).; Hvis kunden ikke har tilgang, be om bekreftelse av korrekt telefonnummer og e-post, og oppdater via /Owner/UpdateContact.; Dokumenter endringer i sak.";/Owner/UpdateContact;;;;Be kunden logge inn med e-post og telefonnummer som er registrert (som agent allerede anbefalte).,Hvis kunden ikke har tilgang, be om bekreftelse av korrekt telefonnummer og e-post, og oppdater via /Owner/UpdateContact.,Dokumenter endringer i sak.
QRBenefits;QR-brikke;Hva er fordelen med DyreIDs QR-brikke?;INFO_ONLY;false;false;true;false;;DyreIDs QR-brikke gir rask og enkel identifisering av ditt kjæledyr. Den lette og komfortable brikken kan bæres av både hunder og katter. Når noen finner kjæledyret ditt, kan de skanne QR-brikken med en smarttelefon. Dette gjør det mulig for dem å kontakte deg direkte via den informasjonen de får tilgang til, uten at dine personlige detaljer blir avslørt. I tillegg kan du motta varsler om skanning via e-post og/eller SMS, og med et Premium-abonnement kan du også få informasjon om geolokasjonen, dersom personen som finner kjæledyret ditt oppgir dette. Dette systemet er enkelt å bruke og gjør det lettere å gjenforene deg med kjæledyret ditt raskt og effektivt. Før bruk må brikken aktiveres i DyreID-appen. QR-teknologien er lett tilgjengelig for alle med en smarttelefon.;fordel, qr, brikke, hvorfor, nytte;;;;https://www.dyreid.no/qr-brikke/104-hva-skjer-nar-qr-koden-skannes;Hva skjer når QR koden skannes?;;
QRCompatibility;QR-brikke;Passer QR-brikke for hunder og katter?;INFO_ONLY;false;false;true;false;;Ja, QR-brikken fra DyreID passer for både hunder og katter. Den er designet for å være lett og komfortabel å bære for begge dyretyper. Når noen skanner QR-brikken, kan de enkelt kontakte eieren uten at sensitive detaljer blir avslørt. Skanningen gjør det mulig å sende e-post eller SMS til eieren, og i noen tilfeller også be om deling av geoposisjon, avhengig av personens valg og om eieren har et Premium-abonnement. For å ta i bruk QR-brikken, må den først aktiveres i DyreID-appen, hvor den kobles til dyrets informasjon. Ved aktivering kan du velge hvilke kontaktdata som skal vises ved skanning. QR-brikken gjør det enkelt for hvem som helst med en smarttelefon å finne eierens kontaktinformasjon, noe som bidrar til rask gjenforening med kjæledyret.;passer, hund, katt, qr, brikke, kompatibel;;;;https://www.dyreid.no/qr-brikke/104-hva-skjer-nar-qr-koden-skannes;Hva skjer når QR koden skannes?;;
QRPremiumInfo;QR-brikke;Premium;INFO_ONLY;false;false;true;false;;"QR-brikken finnes i to varianter:

Basis (gratis):
• Deling av kontaktinfo ved skanning
• Én ekstra kontaktperson

QR Premium ({{PRICE:qr_premium_aar}}/år):
• SMS-varsling når brikken skannes
• Geolokasjon – se hvor brikken ble skannet
• Gratis erstatningsbrikke ved tap
• Inkludert i DyreID+ uten ekstra kostnad

Oppgrader i DyreID-appen.";QR premium, basis vs premium, oppgradere QR, SMS varsling QR, geolokasjon skanning, hva koster QR, QR basis, QR oppgradering;;;;;;;
QRPricingModel;QR-brikke;Er det abonnement eller engangskostnad?;INFO_ONLY;false;false;true;false;;QR-brikken fra DyreID har en basisfunksjon som gjør det mulig for finnere av kjæledyret ditt å kontakte deg ved å skanne brikken. Denne grunnleggende tjenesten krever ikke abonnement. Men for de som ønsker ekstra funksjoner, som tilgang til geolokasjon ved skanning, tilbyr DyreID et premium-abonnement. Premium-abonnementet gir mer fleksibilitet og ekstra funksjoner for de som ønsker det, og det er basert på en årsabonnementsmodell. Hvis abonnementet ditt utløper, må det reaktiveres for å gjenopprette full funksjonalitet, men basisfunksjonene vil fortsatt være operative uten abonnement. Det er viktig å merke seg at QR-brikken må aktiveres før bruk for å sikre at den fungerer korrekt.;abonnement, engangskostnad, pris, qr, brikke;;;;https://www.dyreid.no/qr-brikke/104-hva-skjer-nar-qr-koden-skannes;Hva skjer når QR koden skannes?;;
QRRequiresIDMark;QR-brikke;Må kjæledyret være ID-merket for QR-brikke?;INFO_ONLY;false;false;true;false;;For å bruke DyreIDs QR-brikke med kjæledyret ditt, må dyret være ID-merket og registrert i DyreID-databasen. Dette er en forutsetning for å kunne knytte QR-brikken til kjæledyrets profil. QR-brikken gjør det enklere for hvem som helst å kontakte deg via skanning med en smarttelefon, siden kontaktinformasjonen blir tilgjengelig uten at dine personlige detaljer deles direkte. Aktivering av QR-brikken krever at du skriver inn chipnummeret på kjæledyret i DyreID-appen, som en del av prosessen. Dette sikrer en raskere og mer effektiv gjenforening om kjæledyret ditt skulle komme bort. Geolokasjon kan også være tilgjengelig ved skanning av QR-brikken hvis du har et premiumabonnement, men visning av lokasjonen krever samtykke fra personen som skanner. QR-brikken gir en enkel og sikker måte å holde kontakten med kjæledyret ditt.;id-merket, krav, qr, brikke, chip;;;;https://www.dyreid.no/qr-brikke/104-hva-skjer-nar-qr-koden-skannes;Hva skjer når QR koden skannes?;;
QRScanResult;QR-brikke;Hva skjer når QR-koden skannes?;INFO_ONLY;false;false;true;false;;Når QR-koden på DyreIDs QR-brikke skannes, får personen tilgang til de kontaktopplysningene du har valgt å dele, eller mulighet til å sende deg en melding. Du mottar varselet via e-post eller SMS, uten at dine detaljer blir direkte delt med den som skanner koden. Hvis personen har aktivert stedsdeling, kan du også få opplysninger om hvor skanningen skjedde, men dette krever et Premium-abonnement. Det er viktig å merke seg at personen kan velge å ikke dele sin lokasjon. QR-brikken muliggjør umiddelbar kontakt, noe som bidrar til rask og effektiv gjenforening mellom deg og ditt kjæledyr. QR-brikken er komfortabel for både hunder og katter, og kan skannes av hvem som helst med en smarttelefon, noe som gjør det lett å komme i kontakt med deg dersom noen finner kjæledyret ditt.;skanne, qr, hva skjer, resultat;;;;https://www.dyreid.no/qr-brikke/104-hva-skjer-nar-qr-koden-skannes;Hva skjer når QR koden skannes?;;
QRTagActivation;QR-brikke;Aktivering;INFO_ONLY;false;false;true;false;;"Slik aktiverer du QR-brikken:
1. Last ned DyreID-appen fra App Store eller Google Play
2. Åpne appen og trykk på QR-brikke-ikonet på forsiden eller under Meny
3. Skann QR-koden, eller hold telefonen mot brikken (NFC)
4. Skriv inn telefonnummeret ditt
5. Velg hvilken kontaktinfo som skal vises ved skanning
6. Aktiver pushvarsel i appen

Problemer med å skanne i appen?
Prøv å skanne med kamera-appen i stedet.";aktivere QR-brikke, QR aktivering, sette opp QR, ta i bruk QR-brikke, skanne QR;;;;;;;
QRTagContactInfo;QR-brikke;Er kontaktinformasjonen synlig ved skanning?;INFO_ONLY;false;false;true;false;;Når du skanner QR-brikken fra DyreID, vil kontaktinformasjonen du har valgt å dele, være synlig. Du kan velge om du vil vise mobilnummer, e-postadresse, adresse, eller alle tre. Den som skanner brikken kan også sende en melding til deg som eier, uten at dine detaljer blir direkte avslørt. Du mottar varsler om kontakt enten via e-post eller SMS. QR-brikken registrerer skanninger og kan også be om geoposisjon, men deling av denne krever samtykke fra personen som skanner og et premiumabonnement fra dyreeierens side. Dette systemet bidrar til enkel og rask gjenforening med kjæledyret ditt, da den kan leses av alle med en smarttelefon. Beslutningen om hvilke detaljer som er synlige, ligger hos deg som eier.;kontaktinfo, synlig, tilgjengelig, qr, skann;;;;https://www.dyreid.no/qr-brikke/104-hva-skjer-nar-qr-koden-skannes;Hva skjer når QR koden skannes?;;
QRTagDamaged;QR-brikke;Erstatning;PURESERVICE_CREATE;false;true;true;false;;Har QR-brikken blitt skadet? Vi kan sende deg en erstatning. Oppgi kontaktinformasjonen din, så lager vi en sak.;skadet brikke, ødelagt qr, qr erstatning, brikke knekt, brikke defekt, qr skadet, QR-brikke skannes ikke, slitt brikke, uleselig kode, QRTagReplacement, QRTagReplace, brikken virker ikke;;;;;;;
QRTagLost;QR-brikke;Tapt;INFO_ONLY;false;true;true;false;;"Har du mistet QR-brikken?

Har du QR Premium?
• Ja → Send e-post til post@dyreid.no – du får gratis erstatningsbrikke.
• Nei → Bestill ny på dyreid.no/qrbrikke eller i DyreID-appen. Pris: {{PRICE:qr_brikke_ekstra}}.
• Vet ikke → Sjekk i DyreID-appen under QR-brikker.";mistet brikke, tapt qr, qr tapt, mistet qr-brikke, klistrelapp borte, tapt merke;;;;https://www.dyreid.no/qr-brikke/100-jeg-har-mistet-tag-en-hva-gjor-jeg;Jeg har mistet tag'en. Hva gjør jeg?;;
QRTagOrderExtra;QR-brikke;Bestilling;INFO_ONLY;false;true;true;true;99;"Bestill ekstra QR-brikke på dyreid.no/qrbrikke eller i DyreID-appen.
Pris: {{PRICE:qr_brikke_ekstra}}.";bestille ekstra QR-brikke, ekstra brikke, QR-brikke til halsbånd, bestille ny brikke, QRTagOrder, OrderExtraQRTag, QRTagPurchase, OrderExtraQR;;;/api/tag/order;;;;
QRTagReassign;QR-brikke;Tilordning;INFO_ONLY;false;false;true;false;;"Du kan koble QR-brikken til et annet dyr i DyreID-appen.
Åpne appen, gå til QR-brikker og velg «Koble til dyr».

Har du DyreID-appen?
• Ja → åpne appen og gå til QR-brikker.
• Nei → last ned appen: https://www.dyreid.no/tjenester/dyreid-appen";QR-brikke viser feil dyr, koble brikke til annet dyr, flytte brikke, QRReassignTag;;;;;;;
TagSubscriptionExpiry;QR-brikke;Hva skjer hvis abonnementet utløper?;INFO_ONLY;false;false;true;false;;Hvis abonnementet for QR-brikken din utløper, vil du fortsatt ha tilgang til basisfunksjonene som gjør at finnere kan kontakte deg. Det er ikke nødvendig med et aktivt abonnement for denne grunnleggende funksjonaliteten. Imidlertid vil premiumfunksjoner, som kan gi deg mer fleksibilitet, ikke være tilgjengelige uten et aktivt årsabonnement. Du har muligheten til å aktivere abonnementet ditt igjen når som helst for å gjenopprette disse tilleggsfunksjonene.;utløper, abonnement, slutt, forny, inaktiv;;;;https://www.dyreid.no/qr-brikke/99-hva-skjer-hvis-abonnementet-mitt-utloper;Hva skjer hvis abonnementet mitt utløper?;;
NewRegistration;Registrering;Registrere nytt dyr;API_CALL;true;true;true;false;;"Registrering av nytt dyr gjøres hos veterinær. Veterinæren implanterer en mikrochip og registrerer dyret i DyreID.

Registrering av nytt dyr koster {{PRICE:registrering_ny}}.";ID merket, dokumentasjon, pass for hund, helsebok, ikke registrert, veterinær må registrere chip, ny chip, bytte chip, fjerne gammel chip, veterinær, skjema sendt;Oppdatere kjæledyrets registrering ved å registrere ny chip og fjerne/markere gammel chip som erstattet i registeret.;Veterinæren må registrere chipen og overføre eierdata til DyreID for at hunden blir søkbar. Kunden bør kontakte sin veterinær for å få dette utført.;/Pet/Register;;;;Veterinæren må registrere chipen og overføre eierdata til DyreID for at hunden blir søkbar. Kunden bør kontakte sin veterinær for å få dette utført.
LostFoundInfo;Savnet/Funnet;Hvordan fungerer Savnet & Funnet?;INFO_ONLY;false;false;true;false;;Savnet & Funnet er en tjeneste integrert med DyreIDs ID-database, som gjør det enkelt for hunde- og katteeiere å rapportere savnede kjæledyr. Ved å logge inn på Min Side, kan du raskt melde dyret ditt som savnet. Tjenesten vil bruke de forhåndsutfylte opplysningene om deg og ditt kjæledyr fra DyreID. Dette er spesielt nyttig ettersom mange dyreeiere frykter at kjæledyret deres skal forsvinne uten at de blir kontaktet dersom det blir funnet. Tjenesten gir eieren muligheten til å laste opp et bilde av dyret sitt og indikere at det er savnet, som vil være synlig for andre i området. Hvis noen finner et kjæledyr, kan de også enkelt rapportere dette gjennom samme tjeneste, noe som øker sjansen for en rask gjenforening.;savnet, funnet, hvordan, fungerer, tjeneste;;;;https://www.dyreid.no/help-savnet-og-funnet/58-hvordan-fungerer-savnet-og-funnet-fra-dyreid;"Hvordan fungerer Savnet &amp; Funnet fra DyreID?";;
ReportLostPet;Savnet/Funnet;Hvordan melde mitt kjæledyr savnet?;API_CALL;true;true;true;false;;;savnet, katten er savnet, endre eierinformasjon, tidligere eier død, telefon, adresse, Chip nr;"Registrere savnetmelding og oppdatere eier-/kontaktdata i registeret; mulig eierskifte pga. tidligere eier død";"1) Verifiser kundens identitet og eierforhold (navn, telefon, adresse).; 2) Registrer savnetmelding i systemet (/Pet/LostPet/ReportLostPet) med dato og kontaktinfo.; 3) Initier eierskifte-prosess hvis det kreves (/OwnerChange/OwnerSeller/ReportOwnerChange) og informer kunden om eventuell dokumentasjon som trengs (dødsattest/andre papirer).; 4) Bekreft til kunden når oppdatering og savnetmelding er gjort.";"{""/Pet/LostPet/ReportLostPet"",""/OwnerChange/OwnerSeller/ReportOwnerChange""}";;;;1) Verifiser kundens identitet og eierforhold (navn, telefon, adresse).,2) Registrer savnetmelding i systemet (/Pet/LostPet/ReportLostPet) med dato og kontaktinfo.,3) Initier eierskifte-prosess hvis det kreves (/OwnerChange/OwnerSeller/ReportOwnerChange) og informer kunden om eventuell dokumentasjon som trengs (dødsattest/andre papirer).,4) Bekreft til kunden når oppdatering og savnetmelding er gjort.
SearchableInfo;Savnet/Funnet;Hvordan fungerer Søkbar på 1-2-3?;INFO_ONLY;false;false;true;false;;Søkbar på 1-2-3 er en del av DyreIDs Savnet & Funnet tjeneste, som er integrert med vår nasjonale ID-database. Hvis kjæledyret ditt forsvinner, kan du raskt melde det savnet via Min Side. Informasjonen om deg og dyret ditt vil allerede være forhåndsutfylt. Når dyret er meldt savnet, kan andre som finner kjæledyret ditt enkelt få informasjonen de trenger for å rapportere funnet. Systemet formidler kontakt mellom finner og eier, men krever at man har en profil hos oss for å hindre misbruk. Tjenesten gir også muligheten for å laste opp bilde av kjæledyret ditt, som vil være synlig for folk i ditt nærområde som finner en savnet hund eller katt. Slik sikrer vi en rask gjenforening mellom deg og ditt kjæledyr.;søkbar, 1-2-3, fungerer, hvordan;;;;https://www.dyreid.no/help-savnet-og-funnet/58-hvordan-fungerer-savnet-og-funnet-fra-dyreid;"Hvordan fungerer Savnet &amp; Funnet fra DyreID?";;
SearchableMisuse;Savnet/Funnet;Kan Søkbar på 1-2-3 misbrukes?;INFO_ONLY;false;false;true;false;;Søkbar på 1-2-3 er utformet slik at informasjonen alltid formidles gjennom DyreID, og vi håndterer kontakten mellom den som har funnet et kjæledyr og eieren. For å sikre mot misbruk, kreves det at brukerne har en profil hos oss før vi kan bistå med formidlingen. Tjenesten gir dyreeiere muligheten til å ta bilde av kjæledyret sitt og få det synlig for andre i nærområdet dersom dyret blir savnet. Hvis noen finner en savnet hund eller katt, vil de kunne se dette i systemet. Slik sikrer vi at eierne blir kontaktet ved en eventuell gjenfinning. Vi har lansert Savnet & Funnet nettopp for å hjelpe i disse situasjonene, og sørger for at all informasjon behandles trygt gjennom våre kanaler. Dette minimerer risikoen for misbruk av tjenesten.;misbruk, søkbar, sikkerhet, 1-2-3;;;;https://www.dyreid.no/help-savnet-og-funnet/61-sokbar-pa-1-2-3-kan-den-misbrukes;Søkbar på 1-2-3, kan den misbrukes?;;
SmartTagBatteryInfo;Smart Tag;Batteri;INFO_ONLY;false;false;true;false;;"Batteriet varer 6–9 måneder.
Du kan bytte det selv – Smart Tag bruker CR2032 3V knappcellebatteri.

Trenger du ny Smart Tag?
Ny brikke koster {{PRICE:smart_tag_erstatning}} for eksisterende kunder.";Smart Tag batteri, bytte batteri, CR2032, hvor lenge varer batteriet, batterilevetid;;;;;;;
SmartTagConnection;Smart Tag;Kan ikke koble til eller legge til taggen;INFO_ONLY;false;false;true;false;;"Smart Tag må aktiveres to steder:

Steg 1 – Koble til DyreID:
Skann QR-koden på brikken og følg instruksjonene på dyreid.no for å registrere taggen.

Steg 2 – Aktiver posisjonssporing:
• iPhone: Åpne «Hvor er» og legg til brikken
• Android: Åpne «Finn enheten min» og legg til
Hold Smart Tag nær telefonen (ulåst og på) når du legger den til.

Brikken vises som «Loshall Tag» i enhetslisten.";koble, bluetooth, smart tag, tilkobling, fungerer ikke;;;;https://www.dyreid.no/smart-tag-help/134-kan-ikke-koble-til-eller-legge-til-taggen-ios;Kan ikke koble til eller legge til taggen (iOS);;
SmartTagMissing;Smart Tag;Taggen var lagt til før men jeg finner den ikke;INFO_ONLY;false;false;true;false;;"Hvis SmartTag-en din ikke lenger er synlig i appen ""Hvor er"" på iPhone, kan det være løst med en fabrikkreset. Dette er en vanlig løsning og betyr ikke nødvendigvis at taggen er defekt. Følg disse trinnene for en fabrikkreset: Trykk raskt fem ganger på SmartTag-en, og hold på det femte trykket til du hører et reset-pip. Etterpå kan du legge til taggen på nytt i appen. Dette problemet er kjent fra lignende produkter som Apple AirTags og Google/Moto Tags. Hvis posisjonen til SmartTag-en din ikke har oppdatert seg på en stund, vær oppmerksom på at det også avhenger av at en iPhone i nærheten oppdager den. SmartTag-en sender ikke kontinuerlig posisjon, så dette kan føre til forsinkelser i posisjonsoppdatering. Husk, dette betyr ofte ikke at noe er galt med enheten.";finner ikke, forsvunnet, borte, smart tag, lagt til;;;;https://www.dyreid.no/smart-tag-help/125-taggen-var-lagt-til-for-men-jeg-finner-den-ikke-android;Taggen var lagt til før, men jeg finner den ikke (Android);;
SmartTagMultiple;Smart Tag;Flere tagger men får bare koblet til den ene;INFO_ONLY;false;false;true;false;;"For å koble til flere Smart Tags samtidig, må hver tag være riktig aktivert og i nærheten av iPhone-en din med både Bluetooth og Stedstjenester slått på. For å forsikre deg om at en Smart Tag er på, trykk én gang for en kort ringelyd. Dobbelttrykk for å høre et pip som bekrefter at den er aktiv. Hvis en tag ikke kobler seg til, kan du utføre en fabrikkreset ved å trykke raskt fem ganger og holde inne på det femte trykket til du hører et reset-pip. Etter en fabrikkreset, legg til taggen igjen i ""Hvor er"". Husk at posisjonsoppdateringer avhenger av iPhones i nærheten, og skjer derfor ikke alltid umiddelbart. Hvis du opplever problemer med en tidligere lagt til tag, bør du også forsøke en fabrikkreset og legge den til på nytt. Dette er en vanlig løsning for både Smart Tags og andre lignende enheter, som Apple AirTags.";flere, tagger, bare en, koble, smart tag;;;;https://www.dyreid.no/smart-tag-help/134-kan-ikke-koble-til-eller-legge-til-taggen-ios;Kan ikke koble til eller legge til taggen (iOS);;
SmartTagPosition;Smart Tag;Posisjonen har ikke oppdatert seg på lenge;INFO_ONLY;false;false;true;false;;"Smart Tag har ikke GPS, men spores via Bluetooth gjennom Apple og Androids sporingsnettverk.

• Viser siste registrerte posisjon – ikke sanntid
• Ingen posisjonshistorikk lagres
• Fungerer best i byer og tettbygde strøk
• På fjellet kan posisjonen mangle helt

QR-koden på brikken fungerer overalt.";posisjon, oppdatert, gps, sporing, lokasjon;;;;https://www.dyreid.no/smart-tag-help/132-posisjonen-har-ikke-oppdatert-seg-pa-lenge-ios;Posisjonen har ikke oppdatert seg på lenge (iOS);;
SmartTagSound;Smart Tag;Taggen lager lyder av seg selv;INFO_ONLY;false;false;true;false;;"Smart Tag har en innebygd alarm som kan aktiveres via DyreID-appen.
Alarmen varer i 10 sekunder og er 60–80 dB.";lyd, lyder, piper, bråk, smart tag;;;;https://www.dyreid.no/smart-tag-help/127-taggen-lager-lyder-av-seg-selv-android;Taggen lager lyder av seg selv (Android);;
GeneralInquiryBusiness;Ukategorisert;Generell henvendelse;PURESERVICE_CREATE;false;false;true;false;;"Takk for at du tar kontakt med DyreID.

Det ser ut som henvendelsen din gjelder samarbeid, dataforespørsel eller en forretningsrelatert mulighet. Vi håndterer slike henvendelser manuelt og vil følge opp så snart som mulig.

For at vi skal kunne hjelpe deg best mulig, trenger vi litt informasjon:";samarbeid, partnerskap, tilgang til data, API-tilgang, forskning, integrasjon, distribusjon, forhandler, white label, presse, mediahenvendelse, EU-prosjekt, anonymiserte data, registerdata, Pyramidion, kjæledyrstatistikk, markedsmuligheter, vi ønsker å samarbeide, kan vi bruke deres, tilgang til DyreID-plattformen;;"Generell meldingsutveksling mellom partnere; ingen supporthandling nødvendig utover manuell dialog.";;;;;
ForeignPedigree;Utenlandsregistrering;Utenlandsk hund med stamtavle;INFO_ONLY;false;false;true;false;;Hvis du har en hund med stamtavle fra utlandet som du ønsker å registrere i Norge, skal denne registreringen gjennomføres hos Norsk Kennel Klubb (NKK). Dette er en viktig prosess for å få hunden anerkjent i det norske registeret. Vær oppmerksom på at slik registrering ikke utføres av DyreID, og du må derfor kontakte NKK direkte for detaljert informasjon om hvordan du går frem. Dette sikrer at hunden din er korrekt registrert i henhold til norske krav.;stamtavle, utenlandsk, rasehund, pedigree;;;;https://www.dyreid.no/hjelp-utenlandsregistrering/40-utenlandsk-hund-med-stamtavle;Utenlandsk hund med stamtavle;;
ForeignRegistration;Utenlandsregistrering;Hvordan få dyret registrert i Norge?;API_CALL;true;true;true;false;;"For å registrere et dyr med utenlandsk chip i Norge, må du ta kontakt med en veterinær.

Utenlandsregistrering koster {{PRICE:utenlandsregistrering}}.";Katt reg i utlandet, utenlandsk registrering, veterinær, utenland(reg), katt, registrert i utlandet, registrere i Norge, veterinær, chip, chippet i utlandet, Kuwait, omregistrert, veterinær sendt papirene, behandlingstid, Chip nr, sendt inn skjema, registrering av hund, hvor lang tid tar dette, Chip nr, Utenlandsregistrering, reg utland, registrert i Norge, chip, utlandsregistrering, hva skjer, etterregistrering, merket i utlandet, skjema, Kirkenes dyreklinikk, Utenlandsregistrering, registrere et dyr i Norge, hva koster det, utenlandsregistrering, hvordan få dyret registrert i Norge, testing, chip, testing again, registrering i Norge, chip nr, uregistrert, Latvia, Latviske base, europetnet, finne flere baser, registrere i Norge, Utenlandsregistrering, registrere et dyr i Norge, hva koster det;Opprette sak for utenlandsregistrering / veilede eier om dokumentasjon og evt. opprette registerhendelse;Kunden spør om utenlandsregistrert katt — riktig svar er å henvise til veterinær for registrering i Norge.;/Pet/Foreign/Register;;;;Kunden spør om utenlandsregistrert katt — riktig svar er å henvise til veterinær for registrering i Norge.
ForeignRegistrationCost;Utenlandsregistrering;Hva koster det å registrere et dyr?;INFO_ONLY;false;false;true;false;;"Å registrere et dyr merket i utlandet koster {{PRICE:utenlandsregistrering}}.

Har du utenlandsk hund med stamtavle? Kontakt Norsk Kennel Klub (NKK) for informasjon om registrering av slike dyr.";koster, pris, registrering, gebyr, 676;;;;https://www.dyreid.no/hjelp-utenlandsregistrering/34-hva-koster-det-a-registrere-et-dyr-i-norge;Hva koster det å registrere et dyr i Norge?;;
ForeignRegistration_FollowUp;Utenlandsregistrering;Hvordan få dyret registrert i Norge?;API_CALL;true;true;true;true;;;ikke løst, oppfølging, utenlandregistrert, fortsatt problem;Support må følge opp å sjekke status på innsendt veterinærskjema / betalingsstatus og gi kunden konkret status eller videre steg.;"Sjekk om veterinærskjema er mottatt i systemet.; Sjekk om betalingslink er sendt og/eller betaling er registrert.; Informer kunden om status og konkrete neste steg (be om manglende dokumentasjon eller sende betalingslink på nytt).";/Pet/Foreign/Register;;;;Sjekk om veterinærskjema er mottatt i systemet.,Sjekk om betalingslink er sendt og/eller betaling er registrert.,Informer kunden om status og konkrete neste steg (be om manglende dokumentasjon eller sende betalingslink på nytt).
